{"events":[{"title":"conversation for real","description":"should have conversationId for real this time","timeInMs":1678244880000,"applicationId":"021cea40-c9de-4fa3-a11a-2954255dc88b","sessionId":"1_MX4wMjFjZWE0MC1jOWRlLTRmYTMtYTExYS0yOTU0MjU1ZGM4OGJ-fjE2ODAyOTY5Mzc4ODJ-OXNNTFpkS040aFBqdEowTUIwS2dMZm13fn5-","conversationId":"CON-20a7d724-6698-4f16-98d9-22af4c16efab"},{"title":"test 5","description":"test 5 description","timeInMs":1678787580000,"applicationId":"021cea40-c9de-4fa3-a11a-2954255dc88b","sessionId":"1_MX4wMjFjZWE0MC1jOWRlLTRmYTMtYTExYS0yOTU0MjU1ZGM4OGJ-fjE2Nzg4MDkxOTU3MzJ-c1dCRUVsb04zK1NlQUNydEJkcUQvTGxZfn5-"},{"title":"testing","description":"this is a test","timeInMs":1680726840000},{"title":"test 6","description":"test 6 description","timeInMs":1680890640000,"applicationId":"021cea40-c9de-4fa3-a11a-2954255dc88b","sessionId":"1_MX4wMjFjZWE0MC1jOWRlLTRmYTMtYTExYS0yOTU0MjU1ZGM4OGJ-fjE2ODAyODU4ODc0Njh-REpoeU1KallsNjhwZDA1RUVoZHRMRHBFfn5-"},{"title":"test 4","description":"test 4 description","timeInMs":1681430880000,"applicationId":"021cea40-c9de-4fa3-a11a-2954255dc88b","sessionId":"2_MX4wMjFjZWE0MC1jOWRlLTRmYTMtYTExYS0yOTU0MjU1ZGM4OGJ-fjE2Nzg0MDAxNDI5OTN-czBWREtOQVlPRko0ZHU1dytvblVVckZUfn5-"},{"title":"testing 2","description":"this is a test 2","timeInMs":1682541240000,"applicationId":"021cea40-c9de-4fa3-a11a-2954255dc88b","sessionId":"1_MX4wMjFjZWE0MC1jOWRlLTRmYTMtYTExYS0yOTU0MjU1ZGM4OGJ-fjE2ODAyOTY1MzY3MTB-UVJWcldZbUtyNzgzMGw5czlxeU9nL1JNfn5-"},{"title":"testing conversation","description":"this is a test event that should have a conversation ID also.","timeInMs":1682886840000,"applicationId":"021cea40-c9de-4fa3-a11a-2954255dc88b","sessionId":"2_MX4wMjFjZWE0MC1jOWRlLTRmYTMtYTExYS0yOTU0MjU1ZGM4OGJ-fjE2ODAyOTY3NDM4OTB-STlPeitQdWpwMk1oYVZ6a2R4WmNiK3Nnfn5-"},{"title":"One more time","description":"testing this one more time!","timeInMs":1680383460000,"applicationId":"021cea40-c9de-4fa3-a11a-2954255dc88b","sessionId":"2_MX4wMjFjZWE0MC1jOWRlLTRmYTMtYTExYS0yOTU0MjU1ZGM4OGJ-fjE2ODAyOTcwOTM2NjZ-cnhJd0xpblFQeUhKTGZsSm0xeE9ja2hifn5-","conversationId":"CON-c20db9c3-dedc-4b29-a87b-ed726dd842f2"}]}